FIFA,MARC,ISO3166-1-numeric,ISO3166-1-Alpha-2,ISO3166-1-Alpha-3,GAUL,FIPS,WMO,ITU,IOC,DS,Intermediate Region Code,Intermediate Region Name,ISO4217-currency_name,ISO4217-currency_country_name,ISO4217-currency_alphabetic_code,ISO4217-currency_numeric_code,UNTERM English Short,M49,Sub-region Code,Sub-region Name,Region Code,Region Name,official_name_en,Developed / Developing Countries,Least Developed Countries (LDC),Small Island Developing States (SIDS),TerritoryM49,Capital,Continent,TLD,Geoname ID,EDGAR,Water Area
AFG,af,4,AF,AFG,1,AF,AF,AFG,AFG,AFG,,,Afghani,AFGHANISTAN,AFN,971,Afghanistan,4,34,Southern Asia,142,Asia,Afghanistan,Developing,x,,,Kabul,AS,.af,1149361,B2,0
ALB,aa,8,AL,ALB,3,AL,AB,ALB,ALB,AL,,,Lek,ALBANIA,ALL,8,Albania,8,39,Southern Europe,150,Europe,Albania,Developed,,,,Tirana,EU,.al,783754,B3,4.7
ALG,ae,12,DZ,DZA,4,AG,AL,ALG,ALG,DZ,,,Algerian Dinar,ALGERIA,DZD,12,Algeria,12,15,Northern Africa,2,Africa,Algeria,Developing,,,,Algiers,AF,.dz,2589581,B4,0
AND,an,20,AD,AND,7,AN,,AND,AND,AND,,,Euro,ANDORRA,EUR,978,Andorra,20,39,Southern Europe,150,Europe,Andorra,Developed,,,,Andorra la Vella,EU,.ad,3041565,B6,0
ANG,ao,24,AO,AGO,8,AO,AN,AGL,ANG,AO,17,Middle Africa,Kwanza,ANGOLA,AOA,973,Angola,24,202,Sub-Saharan Africa,2,Africa,Angola,Developing,x,,,Luanda,AF,.ao,3351879,B7,0
ATG,aq,28,AG,ATG,11,AC,AT,ATG,ANT,,29,Caribbean,East Caribbean Dollar,ANTIGUA AND BARBUDA,XCD,951,Antigua and Barbuda,28,419,Latin America and the Caribbean,19,Americas,Antigua and Barbuda,Developing,,x,,St. John's,NA,.ag,3576396,B9,0
ARG,ag,32,AR,ARG,12,AR,AG,ARG,ARG,RA,5,South America,Argentine Peso,ARGENTINA,ARS,32,Argentina,32,419,Latin America and the Caribbean,19,Americas,Argentina,Developing,,,,Buenos Aires,SA,.ar,3865483,C1,1.6
ARM,ai,51,AM,ARM,13,AM,AY,ARM,ARM,AM,,,Armenian Dram,ARMENIA,AMD,51,Armenia,51,145,Western Asia,142,Asia,Armenia,Developing,,,,Yerevan,AS,.am,174982,1B,4.7
AUS,at,36,AU,AUS,17,AS,AU,AUS,AUS,AUS,,,Australian Dollar,AUSTRALIA,AUD,36,Australia,36,53,Australia and New Zealand,9,Oceania,Australia,Developed,,,,Canberra,OC,.au,2077456,C3,0.76
AUT,au,40,AT,AUT,18,AU,OS,AUT,AUT,A,,,Euro,AUSTRIA,EUR,978,Austria,40,155,Western Europe,150,Europe,Austria,Developed,,,,Vienna,EU,.at,2782113,C4,1.7
AZE,aj,31,AZ,AZE,19,AJ,AJ,AZE,AZE,AZ,,,Azerbaijan Manat,AZERBAIJAN,AZN,944,Azerbaijan,31,145,Western Asia,142,Asia,Azerbaijan,Developing,,,,Baku,AS,.az,587116,1D,0.58
BAH,bf,44,BS,BHS,20,BF,BA,BAH,BAH,BS,29,Caribbean,Bahamian Dollar,BAHAMAS,BSD,44,Bahamas (the),44,419,Latin America and the Caribbean,19,Americas,Bahamas,Developing,,x,,Nassau,NA,.bs,3572887,C5,28
BHR,ba,48,BH,BHR,21,BA,BN,BHR,BRN,BRN,,,Bahraini Dinar,BAHRAIN,BHD,48,Bahrain,48,145,Western Asia,142,Asia,Bahrain,Developing,,,,Manama,AS,.bh,290291,C6,0
BAN,bg,50,BD,BGD,23,BG,BW,BGD,BAN,BD,,,Taka,BANGLADESH,BDT,50,Bangladesh,50,34,Southern Asia,142,Asia,Bangladesh,Developing,x,,,Dhaka,AS,.bd,1210997,C7,9.3
BRB,bb,52,BB,BRB,24,BB,BR,BRB,BAR,BDS,29,Caribbean,Barbados Dollar,BARBADOS,BBD,52,Barbados,52,419,Latin America and the Caribbean,19,Americas,Barbados,Developing,,x,,Bridgetown,NA,.bb,3374084,C8,0
BLR,bw,112,BY,BLR,26,BO,BY,BLR,BLR,BY,,,Belarusian Ruble,BELARUS,BYN,933,Belarus,112,151,Eastern Europe,150,Europe,Belarus,Developed,,,,Minsk,EU,.by,630336,1F,2.3
BEL,be,56,BE,BEL,27,BE,BX,BEL,BEL,B,,,Euro,BELGIUM,EUR,978,Belgium,56,155,Western Europe,150,Europe,Belgium,Developed,,,,Brussels,EU,.be,2802361,C9,0.82
BLZ,bh,84,BZ,BLZ,28,BH,BH,BLZ,BIZ,BH,13,Central America,Belize Dollar,BELIZE,BZD,84,Belize,84,419,Latin America and the Caribbean,19,Americas,Belize,Developing,,x,,Belmopan,NA,.bz,3582678,D1,0.7
BEN,dm,204,BJ,BEN,29,BN,BJ,BEN,BEN,DY,11,Western Africa,CFA Franc BCEAO,BENIN,XOF,952,Benin,204,202,Sub-Saharan Africa,2,Africa,Benin,Developing,x,,,Porto-Novo,AF,.bj,2395170,G6,0.41
BHU,bt,64,BT,BTN,31,BT,,BTN,BHU,BT,,,"Indian Rupee,Ngultrum",BHUTAN,"INR,BTN","356,064",Bhutan,64,34,Southern Asia,142,Asia,Bhutan,Developing,x,,,Thimphu,AS,.bt,1252634,D2,0
BOL,bo,68,BO,BOL,33,BL,BO,BOL,BOL,BOL,5,South America,Boliviano,BOLIVIA (PLURINATIONAL STATE OF),BOB,68,Bolivia (Plurinational State of),68,419,Latin America and the Caribbean,19,Americas,Bolivia (Plurinational State of),Developing,,,,Sucre,SA,.bo,3923057,,1.4
BIH,bn,70,BA,BIH,34,BK,BG,BIH,BIH,BIH,,,Convertible Mark,BOSNIA AND HERZEGOVINA,BAM,977,Bosnia and Herzegovina,70,39,Southern Europe,150,Europe,Bosnia and Herzegovina,Developed,,,,Sarajevo,EU,.ba,3277605,1E,0
BOT,bs,72,BW,BWA,35,BC,BC,BOT,BOT,BW,18,Southern Africa,Pula,BOTSWANA,BWP,72,Botswana,72,202,Sub-Saharan Africa,2,Africa,Botswana,Developing,,,,Gaborone,AF,.bw,933860,B1,2.6
BRA,bl,76,BR,BRA,37,BR,BZ,B,BRA,BR,5,South America,Brazilian Real,BRAZIL,BRL,986,Brazil,76,419,Latin America and the Caribbean,19,Americas,Brazil,Developing,,,,Brasilia,SA,.br,3469034,D5,0
BRU,bx,96,BN,BRN,40,BX,BD,BRU,BRU,BRU,,,Brunei Dollar,BRUNEI DARUSSALAM,BND,96,Brunei Darussalam,96,35,South-eastern Asia,142,Asia,Brunei Darussalam,Developing,,,,Bandar Seri Begawan,AS,.bn,1820814,D9,8.7
BUL,bu,100,BG,BGR,41,BU,BU,BUL,BUL,BG,,,Bulgarian Lev,BULGARIA,BGN,975,Bulgaria,100,151,Eastern Europe,150,Europe,Bulgaria,Developed,,,,Sofia,EU,.bg,732800,E0,2.2
BFA,uv,854,BF,BFA,42,UV,HV,BFA,BUR,BF,11,Western Africa,CFA Franc BCEAO,BURKINA FASO,XOF,952,Burkina Faso,854,202,Sub-Saharan Africa,2,Africa,Burkina Faso,Developing,x,,,Ouagadougou,AF,.bf,2361809,X2,0.23
BDI,bd,108,BI,BDI,43,BY,BI,BDI,BDI,RU,14,Eastern Africa,Burundi Franc,BURUNDI,BIF,108,Burundi,108,202,Sub-Saharan Africa,2,Africa,Burundi,Developing,x,,,Bujumbura,AF,.bi,433561,E2,7.7
CIV,iv,384,CI,CIV,66,IV,IV,CTI,CIV,CI,11,Western Africa,CFA Franc BCEAO,CÔTE D'IVOIRE,XOF,952,Côte d'Ivoire,384,202,Sub-Saharan Africa,2,Africa,Côte d'Ivoire,Developing,,,,Yamoussoukro,AF,.ci,2287781,,1.4
CPV,cv,132,CV,CPV,47,CV,CV,CPV,CPV,CV,11,Western Africa,Cabo Verde Escudo,CABO VERDE,CVE,132,Cabo Verde,132,202,Sub-Saharan Africa,2,Africa,Cabo Verde,Developing,,x,,Praia,AF,.cv,3374766,,0
CAM,cb,116,KH,KHM,44,CB,KP,CBG,CAM,K,,,Riel,CAMBODIA,KHR,116,Cambodia,116,35,South-eastern Asia,142,Asia,Cambodia,Developing,x,,,Phnom Penh,AS,.kh,1831722,E3,2.5
CMR,cm,120,CM,CMR,45,CM,CM,CME,CMR,CAM,17,Middle Africa,CFA Franc BEAC,CAMEROON,XAF,950,Cameroon,120,202,Sub-Saharan Africa,2,Africa,Cameroon,Developing,,,,Yaounde,AF,.cm,2233387,E4,0.57
CAN,xxc,124,CA,CAN,46,CA,CN,CAN,CAN,CDN,,,Canadian Dollar,CANADA,CAD,124,Canada,124,21,Northern America,19,Americas,Canada,Developed,,,,Ottawa,NA,.ca,6251999,,8.9
CTA,cx,140,CF,CAF,49,CT,CE,CAF,CAF,RCA,17,Middle Africa,CFA Franc BEAC,CENTRAL AFRICAN REPUBLIC,XAF,950,Central African Republic (the),140,202,Sub-Saharan Africa,2,Africa,Central African Republic,Developing,x,,,Bangui,AF,.cf,239880,F0,0
CHA,cd,148,TD,TCD,50,CD,CD,TCD,CHA,TCH,17,Middle Africa,CFA Franc BEAC,CHAD,XAF,950,Chad,148,202,Sub-Saharan Africa,2,Africa,Chad,Developing,x,,,N'Djamena,AF,.td,2434508,F2,1.9
CHI,cl,152,CL,CHL,51,CI,CH,CHL,CHI,RCH,5,South America,Chilean Peso,CHILE,CLP,152,Chile,152,419,Latin America and the Caribbean,19,Americas,Chile,Developing,,,,Santiago,SA,.cl,3895114,F3,1.6
CHN,cc,156,CN,CHN,53,CH,CI,CHN,CHN,CN,,,Yuan Renminbi,CHINA,CNY,156,China,156,30,Eastern Asia,142,Asia,China,Developing,,,,Beijing,AS,.cn,1814991,F4,2.8
COL,ck,170,CO,COL,57,CO,CO,CLM,COL,CO,5,South America,Colombian Peso,COLOMBIA,COP,170,Colombia,170,419,Latin America and the Caribbean,19,Americas,Colombia,Developing,,,,Bogota,SA,.co,3686110,F8,8.8
COM,cq,174,KM,COM,58,CN,IC,COM,COM,KM,14,Eastern Africa,Comorian Franc,COMOROS,KMF,174,Comoros (the),174,202,Sub-Saharan Africa,2,Africa,Comoros,Developing,x,x,,Moroni,AF,.km,921929,F9,0
CGO,cf,178,CG,COG,59,CF,CG,COG,CGO,RCB,17,Middle Africa,CFA Franc BEAC,CONGO,XAF,950,Congo (the),178,202,Sub-Saharan Africa,2,Africa,Congo,Developing,,,,Brazzaville,AF,.cg,2260494,G0,0.021
COK,cw,184,CK,COK,60,CW,KU,CKH,COK,NZ,,,New Zealand Dollar,COOK ISLANDS,NZD,554,Cook Islands (the)    **,184,61,Polynesia,9,Oceania,Cook Islands,Developing,,x,NZ,Avarua,OC,.ck,1899402,G1,0
CRC,cr,188,CR,CRI,61,CS,CS,CTR,CRC,CR,13,Central America,Costa Rican Colon,COSTA RICA,CRC,188,Costa Rica,188,419,Latin America and the Caribbean,19,Americas,Costa Rica,Developing,,,,San Jose,NA,.cr,3624060,G2,0.078
CRO,ci,191,HR,HRV,62,HR,RH,HRV,CRO,HR,,,Kuna,CROATIA,HRK,191,Croatia,191,39,Southern Europe,150,Europe,Croatia,Developed,,,,Zagreb,EU,.hr,3202326,1M,1.1
CUB,cu,192,CU,CUB,63,CU,CU,CUB,CUB,C,29,Caribbean,"Cuban Peso,Peso Convertible",CUBA,"CUP,CUC","192,931",Cuba,192,419,Latin America and the Caribbean,19,Americas,Cuba,Developing,,x,,Havana,NA,.cu,3562981,G3,0
CYP,cy,196,CY,CYP,64,CY,CY,CYP,CYP,CY,,,Euro,CYPRUS,EUR,978,Cyprus,196,145,Western Asia,142,Asia,Cyprus,Developed,,,,Nicosia,EU,.cy,146669,G4,0.11
CZE,xr,203,CZ,CZE,65,EZ,CZ,CZE,CZE,CZ,,,Czech Koruna,CZECHIA,CZK,203,Czech Republic (the),203,151,Eastern Europe,150,Europe,Czechia,Developed,,,,Prague,EU,.cz,3077311,,0.21
PRK,kn,408,KP,PRK,67,KN,KR,KRE,PRK,,,,North Korean Won,KOREA (THE DEMOCRATIC PEOPLE’S REPUBLIC OF),KPW,408,Democratic People's Republic of Korea (the),408,30,Eastern Asia,142,Asia,Democratic People's Republic of Korea,Developing,,,,Pyongyang,AS,.kp,1873107,,0.0017
COD,cg,180,CD,COD,68,CG,ZR,COD,COD,ZRE,17,Middle Africa,Congolese Franc,CONGO (THE DEMOCRATIC REPUBLIC OF THE),CDF,976,Democratic Republic of the Congo (the),180,202,Sub-Saharan Africa,2,Africa,Democratic Republic of the Congo,Developing,x,,,Kinshasa,AF,.cd,203312,,3.3
DEN,dk,208,DK,DNK,69,DA,DN,DNK,DEN,DK,,,Danish Krone,DENMARK,DKK,208,Denmark,208,154,Northern Europe,150,Europe,Denmark,Developed,,,,Copenhagen,EU,.dk,2623032,G7,1.5
DJI,ft,262,DJ,DJI,70,DJ,DJ,DJI,DJI,F,14,Eastern Africa,Djibouti Franc,DJIBOUTI,DJF,262,Djibouti,262,202,Sub-Saharan Africa,2,Africa,Djibouti,Developing,x,,,Djibouti,AF,.dj,223816,1G,0.086
DMA,dq,212,DM,DMA,71,DO,DO,DMA,DMA,WD,29,Caribbean,East Caribbean Dollar,DOMINICA,XCD,951,Dominica,212,419,Latin America and the Caribbean,19,Americas,Dominica,Developing,,x,,Roseau,NA,.dm,3575830,G9,0
DOM,dr,214,DO,DOM,72,DR,DR,DOM,DOM,DOM,29,Caribbean,Dominican Peso,DOMINICAN REPUBLIC,DOP,214,Dominican Republic (the),214,419,Latin America and the Caribbean,19,Americas,Dominican Republic,Developing,,x,,Santo Domingo,NA,.do,3508796,G8,0.72
ECU,ec,218,EC,ECU,73,EC,EQ,EQA,ECU,EC,5,South America,US Dollar,ECUADOR,USD,840,Ecuador,218,419,Latin America and the Caribbean,19,Americas,Ecuador,Developing,,,,Quito,SA,.ec,3658394,H1,2.4
EGY,ua,818,EG,EGY,40765,EG,EG,EGY,EGY,ET,,,Egyptian Pound,EGYPT,EGP,818,Egypt,818,15,Northern Africa,2,Africa,Egypt,Developing,,,,Cairo,AF,.eg,357994,H2,0.6
SLV,es,222,SV,SLV,75,ES,ES,SLV,ESA,ES,13,Central America,"El Salvador Colon,US Dollar",EL SALVADOR,"SVC,USD","222,840",El Salvador,222,419,Latin America and the Caribbean,19,Americas,El Salvador,Developing,,,,San Salvador,NA,.sv,3585968,H3,1.5
EQG,eg,226,GQ,GNQ,76,EK,GQ,GNE,GEQ,EQ,17,Middle Africa,CFA Franc BEAC,EQUATORIAL GUINEA,XAF,950,Equatorial Guinea,226,202,Sub-Saharan Africa,2,Africa,Equatorial Guinea,Developing,,,,Malabo,AF,.gq,2309096,H4,0
ERI,ea,232,ER,ERI,77,ER,,ERI,ERI,ER,14,Eastern Africa,Nakfa,ERITREA,ERN,232,Eritrea,232,202,Sub-Saharan Africa,2,Africa,Eritrea,Developing,x,,,Asmara,AF,.er,338010,1J,14
EST,er,233,EE,EST,78,EN,EO,EST,EST,EST,,,Euro,ESTONIA,EUR,978,Estonia,233,154,Northern Europe,150,Europe,Estonia,Developed,,,,Tallinn,EU,.ee,453733,1H,6.3
ETH,et,231,ET,ETH,79,ET,ET,ETH,ETH,ETH,14,Eastern Africa,Ethiopian Birr,ETHIOPIA,ETB,230,Ethiopia,231,202,Sub-Saharan Africa,2,Africa,Ethiopia,Developing,x,,,Addis Ababa,AF,.et,337996,H5,9.4
FIJ,fj,242,FJ,FJI,83,FJ,FJ,FJI,FIJ,FJI,,,Fiji Dollar,FIJI,FJD,242,Fiji,242,54,Melanesia,9,Oceania,Fiji,Developing,,x,,Suva,OC,.fj,2205218,H8,0
FIN,fi,246,FI,FIN,84,FI,FI,FIN,FIN,FIN,,,Euro,FINLAND,EUR,978,Finland,246,154,Northern Europe,150,Europe,Finland,Developed,,,,Helsinki,EU,.fi,660013,H9,10
FRA,fr,250,FR,FRA,85,FR,FR,F,FRA,F,,,Euro,FRANCE,EUR,978,France,250,155,Western Europe,150,Europe,France,Developed,,,,Paris,EU,.fr,3017382,I0,0.52
GAB,go,266,GA,GAB,89,GB,GO,GAB,GAB,G,17,Middle Africa,CFA Franc BEAC,GABON,XAF,950,Gabon,266,202,Sub-Saharan Africa,2,Africa,Gabon,Developing,,,,Libreville,AF,.ga,2400553,I5,3.7
GAM,gm,270,GM,GMB,90,GA,GB,GMB,GAM,WAG,11,Western Africa,Dalasi,GAMBIA,GMD,270,Gambia (the),270,202,Sub-Saharan Africa,2,Africa,Gambia,Developing,x,,,Banjul,AF,.gm,2413451,I6,11
GEO,gs,268,GE,GEO,92,GG,GG,GEO,GEO,GE,,,Lari,GEORGIA,GEL,981,Georgia,268,145,Western Asia,142,Asia,Georgia,Developing,,,,Tbilisi,AS,.ge,614540,2Q,0
GER,gw,276,DE,DEU,93,GM,DL,D,GER,D,,,Euro,GERMANY,EUR,978,Germany,276,155,Western Europe,150,Europe,Germany,Developed,,,,Berlin,EU,.de,2921044,2M,2.3
GHA,gh,288,GH,GHA,94,GH,GH,GHA,GHA,GH,11,Western Africa,Ghana Cedi,GHANA,GHS,936,Ghana,288,202,Sub-Saharan Africa,2,Africa,Ghana,Developing,,,,Accra,AF,.gh,2300660,J0,4.6
GRE,gr,300,GR,GRC,97,GR,GR,GRC,GRE,GR,,,Euro,GREECE,EUR,978,Greece,300,39,Southern Europe,150,Europe,Greece,Developed,,,,Athens,EU,.gr,390903,J3,1
GRN,gd,308,GD,GRD,99,GJ,GD,GRD,GRN,WG,29,Caribbean,East Caribbean Dollar,GRENADA,XCD,951,Grenada,308,419,Latin America and the Caribbean,19,Americas,Grenada,Developing,,x,,St. George's,NA,.gd,3580239,J5,0
GUA,gt,320,GT,GTM,103,GT,GU,GTM,GUA,GCA,13,Central America,Quetzal,GUATEMALA,GTQ,320,Guatemala,320,419,Latin America and the Caribbean,19,Americas,Guatemala,Developing,,,,Guatemala City,NA,.gt,3595528,J8,1.6
GUI,gv,324,GN,GIN,106,GV,GN,GUI,GUI,RG,11,Western Africa,Guinean Franc,GUINEA,GNF,324,Guinea,324,202,Sub-Saharan Africa,2,Africa,Guinea,Developing,x,,,Conakry,AF,.gn,2420477,J9,0.057
GNB,pg,624,GW,GNB,105,PU,GW,GNB,GBS,GW,11,Western Africa,CFA Franc BCEAO,GUINEA-BISSAU,XOF,952,Guinea-Bissau,624,202,Sub-Saharan Africa,2,Africa,Guinea-Bissau,Developing,x,x,,Bissau,AF,.gw,2372248,S0,22
GUY,gy,328,GY,GUY,107,GY,GY,GUY,GUY,GUY,5,South America,Guyana Dollar,GUYANA,GYD,328,Guyana,328,419,Latin America and the Caribbean,19,Americas,Guyana,Developing,,x,,Georgetown,SA,.gy,3378535,K0,8.4
HAI,ht,332,HT,HTI,108,HA,HA,HTI,HAI,RH,29,Caribbean,"Gourde,US Dollar",HAITI,"HTG,USD","332,840",Haiti,332,419,Latin America and the Caribbean,19,Americas,Haiti,Developing,x,x,,Port-au-Prince,NA,.ht,3723988,K1,0.68
VAT,vc,336,VA,VAT,110,VT,,CVA,,V,,,Euro,HOLY SEE,EUR,978,Holy See (the)  *,336,39,Southern Europe,150,Europe,Holy See,Developed,,,,Vatican City,EU,.va,3164670,,
HON,ho,340,HN,HND,111,HO,HO,HND,HON,,13,Central America,Lempira,HONDURAS,HNL,340,Honduras,340,419,Latin America and the Caribbean,19,Americas,Honduras,Developing,,,,Tegucigalpa,NA,.hn,3608932,K2,0.18
HUN,hu,348,HU,HUN,113,HU,HU,HNG,HUN,H,,,Forint,HUNGARY,HUF,348,Hungary,348,151,Eastern Europe,150,Europe,Hungary,Developed,,,,Budapest,EU,.hu,719819,K5,3.7
ISL,ic,352,IS,ISL,114,IC,IL,ISL,ISL,IS,,,Iceland Krona,ICELAND,ISK,352,Iceland,352,154,Northern Europe,150,Europe,Iceland,Developed,,,,Reykjavik,EU,.is,2629691,K6,2.7
IND,ii,356,IN,IND,115,IN,IN,IND,IND,IND,,,Indian Rupee,INDIA,INR,356,India,356,34,Southern Asia,142,Asia,India,Developing,,,,New Delhi,AS,.in,1269750,K7,9.6
IDN,io,360,ID,IDN,116,ID,ID,INS,INA,RI,,,Rupiah,INDONESIA,IDR,360,Indonesia,360,35,South-eastern Asia,142,Asia,Indonesia,Developing,,,,Jakarta,AS,.id,1643084,K8,4.9
IRN,ir,364,IR,IRN,117,IR,IR,IRN,IRI,IR,,,Iranian Rial,IRAN (ISLAMIC REPUBLIC OF),IRR,364,Iran (Islamic Republic of),364,34,Southern Asia,142,Asia,Iran (Islamic Republic of),Developing,,,,Tehran,AS,.ir,130758,,7.1
IRQ,iq,368,IQ,IRQ,118,IZ,IQ,IRQ,IRQ,IRQ,,,Iraqi Dinar,IRAQ,IQD,368,Iraq,368,145,Western Asia,142,Asia,Iraq,Developing,,,,Baghdad,AS,.iq,99237,L0,0.22
IRL,ie,372,IE,IRL,119,EI,IE,IRL,IRL,IRL,,,Euro,IRELAND,EUR,978,Ireland,372,154,Northern Europe,150,Europe,Ireland,Developed,,,,Dublin,EU,.ie,2963597,L2,2
ISR,is,376,IL,ISR,121,IS,IS,ISR,ISR,IL,,,New Israeli Sheqel,ISRAEL,ILS,376,Israel,376,145,Western Asia,142,Asia,Israel,Developed,,,,Jerusalem,AS,.il,294640,L3,2
ITA,it,380,IT,ITA,122,IT,IY,I,ITA,I,,,Euro,ITALY,EUR,978,Italy,380,39,Southern Europe,150,Europe,Italy,Developed,,,,Rome,EU,.it,3175395,L6,2.4
JAM,jm,388,JM,JAM,123,JM,JM,JMC,JAM,JA,29,Caribbean,Jamaican Dollar,JAMAICA,JMD,388,Jamaica,388,419,Latin America and the Caribbean,19,Americas,Jamaica,Developing,,x,,Kingston,NA,.jm,3489940,L8,1.5
JPN,ja,392,JP,JPN,126,JA,JP,J,JPN,J,,,Yen,JAPAN,JPY,392,Japan,392,30,Eastern Asia,142,Asia,Japan,Developed,,,,Tokyo,AS,.jp,1861060,M0,3.6
JOR,jo,400,JO,JOR,130,JO,JD,JOR,JOR,HKJ,,,Jordanian Dinar,JORDAN,JOD,400,Jordan,400,145,Western Asia,142,Asia,Jordan,Developing,,,,Amman,AS,.jo,248816,M2,0.6
KAZ,kz,398,KZ,KAZ,132,KZ,KZ,KAZ,KAZ,KZ,,,Tenge,KAZAKHSTAN,KZT,398,Kazakhstan,398,143,Central Asia,142,Asia,Kazakhstan,Developing,,,,Astana,AS,.kz,1522867,,0.92
KEN,ke,404,KE,KEN,133,KE,KN,KEN,KEN,EAK,14,Eastern Africa,Kenyan Shilling,KENYA,KES,404,Kenya,404,202,Sub-Saharan Africa,2,Africa,Kenya,Developing,,,,Nairobi,AF,.ke,192950,M3,1.9
KIR,gb,296,KI,KIR,135,KR,KB,KIR,KIR,,,,Australian Dollar,KIRIBATI,AUD,36,Kiribati,296,57,Micronesia,9,Oceania,Kiribati,Developing,x,x,,Tarawa,OC,.ki,4030945,J2,0
KUW,ku,414,KW,KWT,137,KU,KW,KWT,KUW,KWT,,,Kuwaiti Dinar,KUWAIT,KWD,414,Kuwait,414,145,Western Asia,142,Asia,Kuwait,Developing,,,,Kuwait City,AS,.kw,285570,M6,0
KGZ,kg,417,KG,KGZ,138,KG,KG,KGZ,KGZ,KS,,,Som,KYRGYZSTAN,KGS,417,Kyrgyzstan,417,143,Central Asia,142,Asia,Kyrgyzstan,Developing,,,,Bishkek,AS,.kg,1527747,1N,4.1
LAO,ls,418,LA,LAO,139,LA,LA,LAO,LAO,LAO,,,Lao Kip,LAO PEOPLE’S DEMOCRATIC REPUBLIC,LAK,418,Lao People's Democratic Republic (the),418,35,South-eastern Asia,142,Asia,Lao People's Democratic Republic,Developing,x,,,Vientiane,AS,.la,1655842,,2.5
LVA,lv,428,LV,LVA,140,LG,LV,LVA,LAT,LV,,,Euro,LATVIA,EUR,978,Latvia,428,154,Northern Europe,150,Europe,Latvia,Developed,,,,Riga,EU,.lv,458258,1R,3.6
LIB,le,422,LB,LBN,141,LE,LB,LBN,LIB,RL,,,Lebanese Pound,LEBANON,LBP,422,Lebanon,422,145,Western Asia,142,Asia,Lebanon,Developing,,,,Beirut,AS,.lb,272103,M8,1.6
LES,lo,426,LS,LSO,142,LT,LS,LSO,LES,LS,18,Southern Africa,"Loti,Rand",LESOTHO,"LSL,ZAR","426,710",Lesotho,426,202,Sub-Saharan Africa,2,Africa,Lesotho,Developing,x,,,Maseru,AF,.ls,932692,M9,0
LBR,lb,430,LR,LBR,144,LI,LI,LBR,LBR,LB,11,Western Africa,Liberian Dollar,LIBERIA,LRD,430,Liberia,430,202,Sub-Saharan Africa,2,Africa,Liberia,Developing,x,,,Monrovia,AF,.lr,2275384,N0,14
LBY,ly,434,LY,LBY,145,LY,LY,LBY,LBA,LAR,,,Libyan Dinar,LIBYA,LYD,434,Libya,434,15,Northern Africa,2,Africa,Libya,Developing,,,,Tripoli,AF,.ly,2215636,,0
LIE,lh,438,LI,LIE,146,LS,,LIE,LIE,FL,,,Swiss Franc,LIECHTENSTEIN,CHF,756,Liechtenstein,438,155,Western Europe,150,Europe,Liechtenstein,Developed,,,,Vaduz,EU,.li,3042058,N2,0
LTU,li,440,LT,LTU,147,LH,LT,LTU,LTU,LT,,,Euro,LITHUANIA,EUR,978,Lithuania,440,154,Northern Europe,150,Europe,Lithuania,Developed,,,,Vilnius,EU,.lt,597427,1Q,4
LUX,lu,442,LU,LUX,148,LU,BX,LUX,LUX,L,,,Euro,LUXEMBOURG,EUR,978,Luxembourg,442,155,Western Europe,150,Europe,Luxembourg,Developed,,,,Luxembourg,EU,.lu,2960313,N4,0
MAD,mg,450,MG,MDG,150,MA,MG,MDG,MAD,RM,14,Eastern Africa,Malagasy Ariary,MADAGASCAR,MGA,969,Madagascar,450,202,Sub-Saharan Africa,2,Africa,Madagascar,Developing,x,,,Antananarivo,AF,.mg,1062947,N6,0.94
MWI,mw,454,MW,MWI,152,MI,MW,MWI,MAW,MW,14,Eastern Africa,Malawi Kwacha,MALAWI,MWK,454,Malawi,454,202,Sub-Saharan Africa,2,Africa,Malawi,Developing,x,,,Lilongwe,AF,.mw,927384,N7,21
MAS,my,458,MY,MYS,153,MY,MS,MLA,MAS,MAL,,,Malaysian Ringgit,MALAYSIA,MYR,458,Malaysia,458,35,South-eastern Asia,142,Asia,Malaysia,Developing,,,,Kuala Lumpur,AS,.my,1733045,N8,0.36
MDV,xc,462,MV,MDV,154,MV,MV,MLD,MDV,MV,,,Rufiyaa,MALDIVES,MVR,462,Maldives,462,34,Southern Asia,142,Asia,Maldives,Developing,,x,,Male,AS,.mv,1282028,N9,0
MLI,ml,466,ML,MLI,155,ML,MI,MLI,MLI,RMM,11,Western Africa,CFA Franc BCEAO,MALI,XOF,952,Mali,466,202,Sub-Saharan Africa,2,Africa,Mali,Developing,x,,,Bamako,AF,.ml,2453866,O0,1.6
MLT,mm,470,MT,MLT,156,MT,ML,MLT,MLT,M,,,Euro,MALTA,EUR,978,Malta,470,39,Southern Europe,150,Europe,Malta,Developed,,,,Valletta,EU,.mt,2562770,O1,0
MHL,xe,584,MH,MHL,157,RM,MH,MHL,MSH,,,,US Dollar,MARSHALL ISLANDS,USD,840,Marshall Islands (the),584,57,Micronesia,9,Oceania,Marshall Islands,Developing,,x,,Majuro,OC,.mh,2080185,1T,
MTN,mu,478,MR,MRT,159,MR,MT,MTN,MTN,RIM,11,Western Africa,Ouguiya,MAURITANIA,MRU,929,Mauritania,478,202,Sub-Saharan Africa,2,Africa,Mauritania,Developing,x,,,Nouakchott,AF,.mr,2378080,O3,0.43
MRI,mf,480,MU,MUS,160,MP,MA,MAU,MRI,MS,14,Eastern Africa,Mauritius Rupee,MAURITIUS,MUR,480,Mauritius,480,202,Sub-Saharan Africa,2,Africa,Mauritius,Developing,,x,,Port Louis,AF,.mu,934292,O4,0.49
MEX,mx,484,MX,MEX,162,MX,MX,MEX,MEX,MEX,13,Central America,Mexican Peso,MEXICO,MXN,484,Mexico,484,419,Latin America and the Caribbean,19,Americas,Mexico,Developing,,,,Mexico City,NA,.mx,3996063,O5,1
FSM,fm,583,FM,FSM,163,FM,,FSM,FSM,,,,US Dollar,MICRONESIA (FEDERATED STATES OF),USD,840,Micronesia (Federated States of),583,57,Micronesia,9,Oceania,Micronesia (Federated States of),Developing,,x,,Palikir,OC,.fm,2081918,,0
MON,mc,492,MC,MCO,166,MN,,MCO,MON,MC,,,Euro,MONACO,EUR,978,Monaco,492,155,Western Europe,150,Europe,Monaco,Developed,,,,Monaco,EU,.mc,2993457,O9,0
MNG,mp,496,MN,MNG,167,MG,MO,MNG,MGL,MGL,,,Tugrik,MONGOLIA,MNT,496,Mongolia,496,30,Eastern Asia,142,Asia,Mongolia,Developing,,,,Ulan Bator,AS,.mn,2029969,P0,0.68
MNE,mo,499,ME,MNE,2647,MJ,,MNE,MGO,MNE,,,Euro,MONTENEGRO,EUR,978,Montenegro,499,39,Southern Europe,150,Europe,Montenegro,Developed,,,,Podgorica,EU,.me,3194884,Z5,2.6
MAR,mr,504,MA,MAR,169,MO,MC,MRC,MAR,MA,,,Moroccan Dirham,MOROCCO,MAD,504,Morocco,504,15,Northern Africa,2,Africa,Morocco,Developing,,,,Rabat,AF,.ma,2542007,P2,0.035
MOZ,mz,508,MZ,MOZ,170,MZ,MZ,MOZ,MOZ,MOC,14,Eastern Africa,Mozambique Metical,MOZAMBIQUE,MZN,943,Mozambique,508,202,Sub-Saharan Africa,2,Africa,Mozambique,Developing,x,,,Maputo,AF,.mz,1036973,P3,1.6
MYA,br,104,MM,MMR,171,BM,BM,MYA,MYA,BUR,,,Kyat,MYANMAR,MMK,104,Myanmar,104,35,South-eastern Asia,142,Asia,Myanmar,Developing,x,,,Nay Pyi Taw,AS,.mm,1327865,E1,3.4
NAM,sx,516,NA,NAM,172,WA,NM,NMB,NAM,NAM,18,Southern Africa,"Namibia Dollar,Rand",NAMIBIA,"NAD,ZAR","516,710",Namibia,516,202,Sub-Saharan Africa,2,Africa,Namibia,Developing,,,,Windhoek,AF,.na,3355338,T6,0.29
NRU,nu,520,NR,NRU,173,NR,NW,NRU,NRU,NAU,,,Australian Dollar,NAURU,AUD,36,Nauru,520,57,Micronesia,9,Oceania,Nauru,Developing,,x,,Yaren,OC,.nr,2110425,P5,0
NEP,np,524,NP,NPL,175,NP,NP,NPL,NEP,NEP,,,Nepalese Rupee,NEPAL,NPR,524,Nepal,524,34,Southern Asia,142,Asia,Nepal,Developing,x,,,Kathmandu,AS,.np,1282988,P6,2.6
NED,ne,528,NL,NLD,177,NL,NL,HOL,NED,NL,,,Euro,NETHERLANDS,EUR,978,Netherlands (the),528,155,Western Europe,150,Europe,Netherlands,Developed,,,,Amsterdam,EU,.nl,2750405,P7,18
NZL,nz,554,NZ,NZL,179,NZ,NZ,NZL,NZL,NZ,,,New Zealand Dollar,NEW ZEALAND,NZD,554,New Zealand,554,53,Australia and New Zealand,9,Oceania,New Zealand,Developed,,,,Wellington,OC,.nz,2186224,Q2,1.6
NCA,nq,558,NI,NIC,180,NU,NK,NCG,NCA,NIC,13,Central America,Cordoba Oro,NICARAGUA,NIO,558,Nicaragua,558,419,Latin America and the Caribbean,19,Americas,Nicaragua,Developing,,,,Managua,NA,.ni,3617476,Q3,8
NIG,ng,562,NE,NER,181,NG,NR,NGR,NIG,RN,11,Western Africa,CFA Franc BCEAO,NIGER,XOF,952,Niger (the),562,202,Sub-Saharan Africa,2,Africa,Niger,Developing,x,,,Niamey,AF,.ne,2440476,Q4,0.024
NGA,nr,566,NG,NGA,182,NI,NI,NIG,NGR,WAN,11,Western Africa,Naira,NIGERIA,NGN,566,Nigeria,566,202,Sub-Saharan Africa,2,Africa,Nigeria,Developing,,,,Abuja,AF,.ng,2328926,Q5,1.4
NIU,xh,570,NU,NIU,183,NE,,NIU,NIU,NZ,,,New Zealand Dollar,NIUE,NZD,554,Niue    **,570,61,Polynesia,9,Oceania,Niue,Developing,,x,NZ,Alofi,OC,.nu,4036232,Q6,0
NOR,no,578,NO,NOR,186,NO,NO,NOR,NOR,N,,,Norwegian Krone,NORWAY,NOK,578,Norway,578,154,Northern Europe,150,Europe,Norway,Developed,,,,Oslo,EU,.no,3144096,Q8,6
OMA,mk,512,OM,OMN,187,MU,OM,OMA,OMA,,,,Rial Omani,OMAN,OMR,512,Oman,512,145,Western Asia,142,Asia,Oman,Developing,,,,Muscat,AS,.om,286963,P4,0
PAK,pk,586,PK,PAK,188,PK,PK,PAK,PAK,PK,,,Pakistan Rupee,PAKISTAN,PKR,586,Pakistan,586,34,Southern Asia,142,Asia,Pakistan,Developing,,,,Islamabad,AS,.pk,1168579,R0,3.2
PLW,pw,585,PW,PLW,189,PS,,PLW,PLW,,,,US Dollar,PALAU,USD,840,Palau,585,57,Micronesia,9,Oceania,Palau,Developing,,x,,Melekeok,OC,.pw,1559582,1Y,0
PAN,pn,591,PA,PAN,191,PM,PM,PNR,PAN,PA,13,Central America,"Balboa,US Dollar",PANAMA,"PAB,USD","590,840",Panama,591,419,Latin America and the Caribbean,19,Americas,Panama,Developing,,,,Panama City,NA,.pa,3703430,R1,1.4
PNG,pp,598,PG,PNG,192,PP,NG,PNG,PNG,PNG,,,Kina,PAPUA NEW GUINEA,PGK,598,Papua New Guinea,598,54,Melanesia,9,Oceania,Papua New Guinea,Developing,,x,,Port Moresby,OC,.pg,2088628,R2,2.2
PAR,py,600,PY,PRY,194,PA,PY,PRG,PAR,PY,5,South America,Guarani,PARAGUAY,PYG,600,Paraguay,600,419,Latin America and the Caribbean,19,Americas,Paraguay,Developing,,,,Asuncion,SA,.py,3437598,R4,2.3
PER,pe,604,PE,PER,195,PE,PR,PRU,PER,PE,5,South America,Sol,PERU,PEN,604,Peru,604,419,Latin America and the Caribbean,19,Americas,Peru,Developing,,,,Lima,SA,.pe,3932488,R5,0.41
PHI,ph,608,PH,PHL,196,RP,PH,PHL,PHI,RP,,,Philippine Peso,PHILIPPINES,PHP,608,Philippines (the),608,35,South-eastern Asia,142,Asia,Philippines,Developing,,,,Manila,AS,.ph,1694008,R6,0.61
POL,pl,616,PL,POL,198,PL,PL,POL,POL,PL,,,Zloty,POLAND,PLN,985,Poland,616,151,Eastern Europe,150,Europe,Poland,Developed,,,,Warsaw,EU,.pl,798544,R9,2.7
POR,po,620,PT,PRT,199,PO,PO,POR,POR,P,,,Euro,PORTUGAL,EUR,978,Portugal,620,39,Southern Europe,150,Europe,Portugal,Developed,,,,Lisbon,EU,.pt,2264397,S1,1.2
QAT,qa,634,QA,QAT,201,QA,QT,QAT,QAT,Q,,,Qatari Rial,QATAR,QAR,634,Qatar,634,145,Western Asia,142,Asia,Qatar,Developing,,,,Doha,AS,.qa,289688,S3,0
KOR,ko,410,KR,KOR,202,KS,KO,KOR,KOR,ROK,,,Won,KOREA (THE REPUBLIC OF),KRW,410,Republic of Korea (the),410,30,Eastern Asia,142,Asia,Republic of Korea,Developing,,,,Seoul,AS,.kr,1835841,,0.3
MDA,mv,498,MD,MDA,165,MD,RM,MDA,MDA,MD,,,Moldovan Leu,MOLDOVA (THE REPUBLIC OF),MDL,498,Republic of Moldova (the),498,151,Eastern Europe,150,Europe,Republic of Moldova,Developed,,,,Chisinau,EU,.md,617790,,2.8
ROU,rm,642,RO,ROU,203,RO,RO,ROU,ROU,RO,,,Romanian Leu,ROMANIA,RON,946,Romania,642,151,Eastern Europe,150,Europe,Romania,Developed,,,,Bucharest,EU,.ro,798549,S5,3
RUS,ru,643,RU,RUS,204,RS,RS,RUS,RUS,RUS,,,Russian Ruble,RUSSIAN FEDERATION,RUB,643,Russian Federation (the),643,151,Eastern Europe,150,Europe,Russian Federation,Developed,,,,Moscow,EU,.ru,2017370,1Z,4.2
RWA,rw,646,RW,RWA,205,RW,RW,RRW,RWA,RWA,14,Eastern Africa,Rwanda Franc,RWANDA,RWF,646,Rwanda,646,202,Sub-Saharan Africa,2,Africa,Rwanda,Developing,x,,,Kigali,AF,.rw,49518,S6,6.3
SKN,xd,659,KN,KNA,208,SC,AT,KNA,SKN,KN,29,Caribbean,East Caribbean Dollar,SAINT KITTS AND NEVIS,XCD,951,Saint Kitts and Nevis,659,419,Latin America and the Caribbean,19,Americas,Saint Kitts and Nevis,Developing,,x,,Basseterre,NA,.kn,3575174,U7,0
LCA,xk,662,LC,LCA,209,ST,LC,LCA,LCA,WL,29,Caribbean,East Caribbean Dollar,SAINT LUCIA,XCD,951,Saint Lucia,662,419,Latin America and the Caribbean,19,Americas,Saint Lucia,Developing,,x,,Castries,NA,.lc,3576468,U9,0
VIN,xm,670,VC,VCT,211,VC,VG,VCT,VIN,WV,29,Caribbean,East Caribbean Dollar,SAINT VINCENT AND THE GRENADINES,XCD,951,Saint Vincent and the Grenadines,670,419,Latin America and the Caribbean,19,Americas,Saint Vincent and the Grenadines,Developing,,x,,Kingstown,NA,.vc,3577815,V1,0
SAM,ws,882,WS,WSM,212,WS,ZM,SMO,SAM,WS,,,Tala,SAMOA,WST,882,Samoa,882,61,Polynesia,9,Oceania,Samoa,Developing,,x,,Apia,OC,.ws,4034894,Y0,0.35
SMR,sm,674,SM,SMR,213,SM,,SMR,SMR,RSM,,,Euro,SAN MARINO,EUR,978,San Marino,674,39,Southern Europe,150,Europe,San Marino,Developed,,,,San Marino,EU,.sm,3168068,S8,0
STP,sf,678,ST,STP,214,TP,TP,STP,STP,ST,17,Middle Africa,Dobra,SAO TOME AND PRINCIPE,STN,930,Sao Tome and Principe,678,202,Sub-Saharan Africa,2,Africa,Sao Tome and Principe,Developing,x,x,,Sao Tome,AF,.st,2410758,S9,0
KSA,su,682,SA,SAU,215,SA,SD,ARS,KSA,SA,,,Saudi Riyal,SAUDI ARABIA,SAR,682,Saudi Arabia,682,145,Western Asia,142,Asia,Saudi Arabia,Developing,,,,Riyadh,AS,.sa,102358,T0,0
SEN,sg,686,SN,SEN,217,SG,SG,SEN,SEN,SN,11,Western Africa,CFA Franc BCEAO,SENEGAL,XOF,952,Senegal,686,202,Sub-Saharan Africa,2,Africa,Senegal,Developing,x,,,Dakar,AF,.sn,2245662,T1,2.1
SRB,rb,688,RS,SRB,2648,"RI,KV",YG,SRB,SRB,SRB,,,Serbian Dinar,SERBIA,RSD,941,Serbia,688,39,Southern Europe,150,Europe,Serbia,Developed,,,,Belgrade,EU,.rs,6290252,Z2,0.15
SEY,se,690,SC,SYC,220,SE,SC,SEY,SEY,SY,14,Eastern Africa,Seychelles Rupee,SEYCHELLES,SCR,690,Seychelles,690,202,Sub-Saharan Africa,2,Africa,Seychelles,Developing,,x,,Victoria,AF,.sc,241170,T2,0
SLE,sl,694,SL,SLE,221,SL,SL,SRL,SLE,WAL,11,Western Africa,Leone,SIERRA LEONE,SLL,694,Sierra Leone,694,202,Sub-Saharan Africa,2,Africa,Sierra Leone,Developing,x,,,Freetown,AF,.sl,2403846,T8,0.17
SIN,si,702,SG,SGP,222,SN,SR,SNG,SIN,SGP,,,Singapore Dollar,SINGAPORE,SGD,702,Singapore,702,35,South-eastern Asia,142,Asia,Singapore,Developing,,x,,Singapore,AS,.sg,1880251,U0,1.4
SVK,xo,703,SK,SVK,223,LO,SQ,SVK,SVK,SK,,,Euro,SLOVAKIA,EUR,978,Slovakia,703,151,Eastern Europe,150,Europe,Slovakia,Developed,,,,Bratislava,EU,.sk,3057568,2B,1.9
SVN,xv,705,SI,SVN,224,SI,LJ,SVN,SLO,SLO,,,Euro,SLOVENIA,EUR,978,Slovenia,705,39,Southern Europe,150,Europe,Slovenia,Developed,,,,Ljubljana,EU,.si,3190538,2A,0.6
SOL,bp,90,SB,SLB,225,BP,SO,SLM,SOL,SB,,,Solomon Islands Dollar,SOLOMON ISLANDS,SBD,90,Solomon Islands,90,54,Melanesia,9,Oceania,Solomon Islands,Developing,x,x,,Honiara,OC,.sb,2103350,D7,3.1
SOM,so,706,SO,SOM,226,SO,SI,SOM,SOM,SO,14,Eastern Africa,Somali Shilling,SOMALIA,SOS,706,Somalia,706,202,Sub-Saharan Africa,2,Africa,Somalia,Developing,x,,,Mogadishu,AF,.so,51537,U1,1.6
RSA,sa,710,ZA,ZAF,227,SF,ZA,AFS,RSA,ZA,18,Southern Africa,Rand,SOUTH AFRICA,ZAR,710,South Africa,710,202,Sub-Saharan Africa,2,Africa,South Africa,Developing,,,,Pretoria,AF,.za,953987,T3,0.38
,sd,728,SS,SSD,,OD,,SSD,,,14,Eastern Africa,South Sudanese Pound,SOUTH SUDAN,SSP,728,South Sudan,728,202,Sub-Saharan Africa,2,Africa,South Sudan,Developing,x,,,Juba,AF,,7909807,,0
ESP,sp,724,ES,ESP,229,SP,SP,E,ESP,E,,,Euro,SPAIN,EUR,978,Spain,724,39,Southern Europe,150,Europe,Spain,Developed,,,,Madrid,EU,.es,2510769,U3,1.3
SRI,ce,144,LK,LKA,231,CE,SB,CLN,SRI,CL,,,Sri Lanka Rupee,SRI LANKA,LKR,144,Sri Lanka,144,34,Southern Asia,142,Asia,Sri Lanka,Developing,,,,Colombo,AS,.lk,1227603,F1,4.4
PLE,"gz,wj",275,PS,PSE,"91,267","GZ,WE",,,PLE,,,,No universal currency,"PALESTINE, STATE OF",,,State of Palestine  *,275,145,Western Asia,142,Asia,State of Palestine,Developing,,,*,East Jerusalem,AS,.ps,6254930,,3.7
SUD,sj,729,SD,SDN,40764,SU,SU,SDN,SUD,SUD,,,Sudanese Pound,SUDAN,SDG,938,Sudan (the),729,15,Northern Africa,2,Africa,Sudan,Developing,x,,,Khartoum,AF,.sd,366755,V2,7
SUR,sr,740,SR,SUR,233,NS,SM,SUR,SUR,SME,5,South America,Surinam Dollar,SURINAME,SRD,968,Suriname,740,419,Latin America and the Caribbean,19,Americas,Suriname,Developing,,x,,Paramaribo,SA,.sr,3382998,V3,4.8
SWE,sw,752,SE,SWE,236,SW,SN,S,SWE,S,,,Swedish Krona,SWEDEN,SEK,752,Sweden,752,154,Northern Europe,150,Europe,Sweden,Developed,,,,Stockholm,EU,.se,2661886,V7,8.9
SUI,sz,756,CH,CHE,237,SZ,SW,SUI,SUI,CH,,,Swiss Franc,SWITZERLAND,CHF,756,Switzerland,756,155,Western Europe,150,Europe,Switzerland,Developed,,,,Bern,EU,.ch,2658434,V8,3.1
SYR,sy,760,SY,SYR,238,SY,SY,SYR,SYR,SYR,,,Syrian Pound,SYRIAN ARAB REPUBLIC,SYP,760,Syrian Arab Republic,760,145,Western Asia,142,Asia,Syrian Arab Republic,Developing,,,,Damascus,AS,.sy,163843,V9,0.83
TJK,ta,762,TJ,TJK,239,TI,TA,TJK,TJK,TJ,,,Somoni,TAJIKISTAN,TJS,972,Tajikistan,762,143,Central Asia,142,Asia,Tajikistan,Developing,,,,Dushanbe,AS,.tj,1220409,2D,1.8
THA,th,764,TH,THA,240,TH,TH,THA,THA,T,,,Baht,THAILAND,THB,764,Thailand,764,35,South-eastern Asia,142,Asia,Thailand,Developing,,,,Bangkok,AS,.th,1605651,W1,0.43
MKD,xn,807,MK,MKD,241,MK,MJ,MKD,MKD,MK,,,Denar,MACEDONIA (THE FORMER YUGOSLAV REPUBLIC OF),MKD,807,the former Yugoslav Republic of Macedonia,807,39,Southern Europe,150,Europe,The former Yugoslav Republic of Macedonia,Developed,,,,Skopje,EU,.mk,718075,,1.1
TLS,em,626,TL,TLS,242,TT,TM,TLS,TLS,RI,,,US Dollar,TIMOR-LESTE,USD,840,Timor-Leste,626,35,South-eastern Asia,142,Asia,Timor-Leste,Developing,x,x,,Dili,OC,.tl,1966436,Z3,0
TOG,tg,768,TG,TGO,243,TO,TG,TGO,TOG,TG,11,Western Africa,CFA Franc BCEAO,TOGO,XOF,952,Togo,768,202,Sub-Saharan Africa,2,Africa,Togo,Developing,x,,,Lome,AF,.tg,2363686,W2,
TGA,to,776,TO,TON,245,TN,TO,TON,TGA,TO,,,Pa’anga,TONGA,TOP,776,Tonga,776,61,Polynesia,9,Oceania,Tonga,Developing,,x,,Nuku'alofa,OC,.to,4032283,W4,4
TRI,tr,780,TT,TTO,246,TD,TD,TRD,TTO,TT,29,Caribbean,Trinidad and Tobago Dollar,TRINIDAD AND TOBAGO,TTD,780,Trinidad and Tobago,780,419,Latin America and the Caribbean,19,Americas,Trinidad and Tobago,Developing,,x,,Port of Spain,NA,.tt,3573591,W5,0
TUN,ti,788,TN,TUN,248,TS,TS,TUN,TUN,TN,,,Tunisian Dinar,TUNISIA,TND,788,Tunisia,788,15,Northern Africa,2,Africa,Tunisia,Developing,,,,Tunis,AF,.tn,2464461,W6,5
TUR,tu,792,TR,TUR,249,TU,TU,TUR,TUR,TR,,,Turkish Lira,TURKEY,TRY,949,Turkey,792,145,Western Asia,142,Asia,Turkey,Developing,,,,Ankara,AS,.tr,298795,W8,1.8
TKM,tk,795,TM,TKM,250,TX,TR,TKM,TKM,TM,,,Turkmenistan New Manat,TURKMENISTAN,TMT,934,Turkmenistan,795,143,Central Asia,142,Asia,Turkmenistan,Developing,,,,Ashgabat,AS,.tm,1218197,2E,3.7
TUV,tv,798,TV,TUV,252,TV,TV,TUV,TUV,TV,,,Australian Dollar,TUVALU,AUD,36,Tuvalu,798,61,Polynesia,9,Oceania,Tuvalu,Developing,x,x,,Funafuti,OC,.tv,2110297,2G,0
UGA,ug,800,UG,UGA,253,UG,UG,UGA,UGA,EAU,14,Eastern Africa,Uganda Shilling,UGANDA,UGX,800,Uganda,800,202,Sub-Saharan Africa,2,Africa,Uganda,Developing,x,,,Kampala,AF,.ug,226074,W9,18
UKR,un,804,UA,UKR,254,UP,UR,UKR,UKR,UA,,,Hryvnia,UKRAINE,UAH,980,Ukraine,804,151,Eastern Europe,150,Europe,Ukraine,Developed,,,,Kyiv,EU,.ua,690791,2H,4
UAE,ts,784,AE,ARE,255,AE,ER,UAE,UAE,,,,UAE Dirham,UNITED ARAB EMIRATES,AED,784,United Arab Emirates (the),784,145,Western Asia,142,Asia,United Arab Emirates,Developing,,,,Abu Dhabi,AS,.ae,290557,C0,0
"ENG,NIR,SCO,WAL",xxk,826,GB,GBR,256,UK,UK,G,GBR,GB,,,Pound Sterling,UNITED KINGDOM OF GREAT BRITAIN AND NORTHERN IRELAND,GBP,826,United Kingdom of Great Britain and Northern Ireland (the),826,154,Northern Europe,150,Europe,United Kingdom of Great Britain and Northern Ireland,Developed,,,,London,EU,.uk,2635167,,0.69
TAN,tz,834,TZ,TZA,257,TZ,TN,TZA,TAN,EAT,14,Eastern Africa,Tanzanian Shilling,"TANZANIA, UNITED REPUBLIC OF",TZS,834,United Republic of Tanzania (the),834,202,Sub-Saharan Africa,2,Africa,United Republic of Tanzania,Developing,x,,,Dodoma,AF,.tz,149590,W0,6.5
USA,xxu,840,US,USA,259,US,US,USA,USA,USA,,,US Dollar,UNITED STATES OF AMERICA,USD,840,United States of America (the),840,21,Northern America,19,Americas,United States of America,Developed,,,,Washington,NA,.us,6252001,,4
URU,uy,858,UY,URY,260,UY,UY,URG,URU,ROU,5,South America,Peso Uruguayo,URUGUAY,UYU,858,Uruguay,858,419,Latin America and the Caribbean,19,Americas,Uruguay,Developing,,,,Montevideo,SA,.uy,3439705,X3,0.68
UZB,uz,860,UZ,UZB,261,UZ,UZ,UZB,UZB,UZ,,,Uzbekistan Sum,UZBEKISTAN,UZS,860,Uzbekistan,860,143,Central Asia,142,Asia,Uzbekistan,Developing,,,,Tashkent,AS,.uz,1512440,2K,4.9
VAN,nn,548,VU,VUT,262,NH,NV,VUT,VAN,VU,,,Vatu,VANUATU,VUV,548,Vanuatu,548,54,Melanesia,9,Oceania,Vanuatu,Developing,x,x,,Port Vila,OC,.vu,2134431,2L,0
VEN,ve,862,VE,VEN,263,VE,VN,VEN,VEN,YV,5,South America,Bolívar,VENEZUELA (BOLIVARIAN REPUBLIC OF),VES,937,Venezuela (Bolivarian Republic of),862,419,Latin America and the Caribbean,19,Americas,Venezuela (Bolivarian Republic of),Developing,,,,Caracas,SA,.ve,3625428,,3.3
VIE,vm,704,VN,VNM,264,VM,VS,VTN,VIE,VN,,,Dong,VIET NAM,VND,704,Viet Nam,704,35,South-eastern Asia,142,Asia,Viet Nam,Developing,,,,Hanoi,AS,.vn,1562822,Q1,6.4
YEM,ye,887,YE,YEM,269,YM,YE,YEM,YEM,YAR,,,Yemeni Rial,YEMEN,YER,886,Yemen,887,145,Western Asia,142,Asia,Yemen,Developing,x,,,Sanaa,AS,.ye,69543,T7,0
ZAM,za,894,ZM,ZMB,270,ZA,ZB,ZMB,ZAM,Z,14,Eastern Africa,Zambian Kwacha,ZAMBIA,ZMW,967,Zambia,894,202,Sub-Saharan Africa,2,Africa,Zambia,Developing,x,,,Lusaka,AF,.zm,895949,Y4,1.2
ZIM,rh,716,ZW,ZWE,271,ZI,ZW,ZWE,ZIM,ZW,14,Eastern Africa,Zimbabwe Dollar,ZIMBABWE,ZWL,932,Zimbabwe,716,202,Sub-Saharan Africa,2,Africa,Zimbabwe,Developing,,,,Harare,AF,.zw,878675,Y5,1
ARU,aw,533,AW,ABW,14,AA,NU,ABW,ARU,AW,29,Caribbean,Aruban Florin,ARUBA,AWG,533,,533,419,Latin America and the Caribbean,19,Americas,Aruba,Developing,,x,NL,Oranjestad,NA,.aw,3577279,1C,
AIA,am,660,AI,AIA,9,AV,,AIA,AIA,,29,Caribbean,East Caribbean Dollar,ANGUILLA,XCD,951,,660,419,Latin America and the Caribbean,19,Americas,Anguilla,Developing,,x,GB,The Valley,NA,.ai,3573511,1A,
ALD,,248,AX,ALA,1242,,,,,FIN,,,Euro,ÅLAND ISLANDS,EUR,978,,248,154,Northern Europe,150,Europe,Åland Islands,Developed,,,Finland,Mariehamn,EU,.ax,661882,,
ASA,as,16,AS,ASM,5,AQ,,SMA,ASA,USA,,,US Dollar,AMERICAN SAMOA,USD,840,,16,61,Polynesia,9,Oceania,American Samoa,Developing,,x,USA,Pago Pago,OC,.as,5880801,B5,
ROS,ay,10,AQ,ATA,10,AY,AA,,,,,,No universal currency,ANTARCTICA,,,,10,,,,,Antarctica,,,,International,,AN,.aq,6697173,B8,
,fs,260,TF,ATF,88,FS,,,,F,14,Eastern Africa,Euro,FRENCH SOUTHERN TERRITORIES,EUR,978,,260,202,Sub-Saharan Africa,2,Africa,French Southern Territories,Developing,,,FR,Port-aux-Francais,AN,.tf,1546748,2C,
ANT,ca,535,BQ,BES,176,NL,NU,ATN,AHO,NA,29,Caribbean,US Dollar,"BONAIRE, SINT EUSTATIUS AND SABA",USD,840,,535,419,Latin America and the Caribbean,19,Americas,"Bonaire, Sint Eustatius and Saba",Developing,,x,NL,,NA,.bq,7626844,,
,sc,652,BL,BLM,,TB,,,,,29,Caribbean,Euro,SAINT BARTHÉLEMY,EUR,978,,652,419,Latin America and the Caribbean,19,Americas,Saint Barthélemy,Developing,,,FR,Gustavia,NA,.gp,3578476,,
BER,bm,60,BM,BMU,30,BD,BE,BER,BER,BM,,,Bermudian Dollar,BERMUDA,BMD,60,,60,21,Northern America,19,Americas,Bermuda,Developed,,,GB,Hamilton,NA,.bm,3573345,D0,
,bv,74,BV,BVT,36,BV,BV,,,BV,5,South America,Norwegian Krone,BOUVET ISLAND,NOK,578,,74,419,Latin America and the Caribbean,19,Americas,Bouvet Island,Developing,,,Norway,,AN,.bv,3371123,D4,
CCK,xb,166,CC,CCK,56,CK,KK,ICO,,AUS,,,Australian Dollar,COCOS (KEELING) ISLANDS,AUD,36,,166,53,Australia and New Zealand,9,Oceania,Cocos (Keeling) Islands,Developed,,,AU,West Island,AS,.cc,1547376,F7,
,co,531,CW,CUW,,UC,,,,,29,Caribbean,Netherlands Antillean Guilder,CURAÇAO,ANG,532,,531,419,Latin America and the Caribbean,19,Americas,Curaçao,Developing,,x,NL,Willemstad,NA,.cw,7626836,,
CXR,xa,162,CX,CXR,54,KT,KI,CHR,,AUS,,,Australian Dollar,CHRISTMAS ISLAND,AUD,36,,162,53,Australia and New Zealand,9,Oceania,Christmas Island,Developed,,,AU,Flying Fish Cove,OC,.cx,2078138,F6,
CAY,cj,136,KY,CYM,48,CJ,GC,CYM,CAY,KY,29,Caribbean,Cayman Islands Dollar,CAYMAN ISLANDS,KYD,136,,136,419,Latin America and the Caribbean,19,Americas,Cayman Islands,Developing,,,GB,George Town,NA,.ky,3580718,E9,
SAH,ss,732,EH,ESH,268,WI,,AOE,,,,,Moroccan Dirham,WESTERN SAHARA,MAD,504,,732,15,Northern Africa,2,Africa,Western Sahara,Developing,,,*,El-Aaiun,AF,.eh,2461445,U5,
FLK,fk,238,FK,FLK,81,FK,FK,FLK,FLK,,5,South America,,,,,,238,419,Latin America and the Caribbean,19,Americas,Falkland Islands (Malvinas),Developing,,,GB,Stanley,SA,.fk,3474414,,
FRO,fa,234,FO,FRO,82,FO,FA,FRO,FAR,FO,,,Danish Krone,FAROE ISLANDS,DKK,208,,234,154,Northern Europe,150,Europe,Faroe Islands,Developed,,,Denmark,Torshavn,EU,.fo,2622320,H6,
GBG,uik,831,GG,GGY,104,GK,,,,GBG,830,Channel Islands,Pound Sterling,GUERNSEY,GBP,826,,831,154,Northern Europe,150,Europe,Guernsey,Developed,,,GB,St Peter Port,EU,.gg,3042362,Y7,
GBZ,gi,292,GI,GIB,95,GI,GI,GIB,GIB,GBZ,,,Gibraltar Pound,GIBRALTAR,GIP,292,,292,39,Southern Europe,150,Europe,Gibraltar,Developed,,,GB,Gibraltar,EU,.gi,2411586,J1,
GLP,gp,312,GP,GLP,100,GP,MF,GDL,GUD,F,29,Caribbean,Euro,GUADELOUPE,EUR,978,,312,419,Latin America and the Caribbean,19,Americas,Guadeloupe,Developing,,,FR,Basse-Terre,NA,.gp,3579143,J6,
GRL,gl,304,GL,GRL,98,GL,GL,GRL,GRL,DK,,,Danish Krone,GREENLAND,DKK,208,,304,21,Northern America,19,Americas,Greenland,Developed,,,Denmark,Nuuk,NA,.gl,3425505,J4,
GUF,fg,254,GF,GUF,86,FG,FG,GUF,FGU,F,5,South America,Euro,FRENCH GUIANA,EUR,978,,254,419,Latin America and the Caribbean,19,Americas,French Guiana,Developing,,,FR,Cayenne,SA,.gf,3381670,I3,
GUM,gu,316,GU,GUM,101,GQ,GM,GUM,GUM,USA,,,US Dollar,GUAM,USD,840,,316,57,Micronesia,9,Oceania,Guam,Developing,,x,USA,Hagatna,OC,.gu,4043988,GU,
HKG,,344,HK,HKG,33364,HK,HK,HKG,HKG,HK,,,Hong Kong Dollar,HONG KONG,HKD,344,,344,30,Eastern Asia,142,Asia,"China, Hong Kong Special Administrative Region",Developing,,,CN,Hong Kong,AS,.hk,1819730,K3,
,hm,334,HM,HMD,109,HM,,,,AUS,,,Australian Dollar,HEARD ISLAND AND MCDONALD ISLANDS,AUD,36,,334,53,Australia and New Zealand,9,Oceania,Heard Island and McDonald Islands,Developed,,,AU,,AN,.hm,1547314,K4,
GBM,uik,833,IM,IMN,120,IM,,,,GBM,,,Pound Sterling,ISLE OF MAN,GBP,826,,833,154,Northern Europe,150,Europe,Isle of Man,Developed,,,GB,Douglas,EU,.im,3042225,Y8,
,bi,86,IO,IOT,38,IO,,BIO,,,14,Eastern Africa,US Dollar,BRITISH INDIAN OCEAN TERRITORY,USD,840,,86,202,Sub-Saharan Africa,2,Africa,British Indian Ocean Territory,Developing,,,GB,Diego Garcia,AS,.io,1282588,D6,
GBJ,uik,832,JE,JEY,128,JE,,,,GBJ,830,Channel Islands,Pound Sterling,JERSEY,GBP,826,,832,154,Northern Europe,150,Europe,Jersey,Developed,,,GB,Saint Helier,EU,.je,3042142,Y9,
MAC,,446,MO,MAC,149,MC,MU,MAC,MAC,MO,,,Pataca,MACAO,MOP,446,,446,30,Eastern Asia,142,Asia,"China, Macao Special Administrative Region",Developing,,,CN,Macao,AS,.mo,1821275,,
,st,663,MF,MAF,,RN,,,,,29,Caribbean,Euro,SAINT MARTIN (FRENCH PART),EUR,978,,663,419,Latin America and the Caribbean,19,Americas,Saint Martin (French Part),Developing,,,FR,Marigot,NA,.gp,3578421,,
NMI,nw,580,MP,MNP,185,CQ,MY,MRA,NMA,USA,,,US Dollar,NORTHERN MARIANA ISLANDS,USD,840,,580,57,Micronesia,9,Oceania,Northern Mariana Islands,Developing,,x,USA,Saipan,OC,.mp,4041468,1V,
MSR,mj,500,MS,MSR,168,MH,,MSR,MNT,,29,Caribbean,East Caribbean Dollar,MONTSERRAT,XCD,951,,500,419,Latin America and the Caribbean,19,Americas,Montserrat,Developing,,x,GB,Plymouth,NA,.ms,3578097,P1,
MTQ,mq,474,MQ,MTQ,158,MB,MR,MRT,MRT,F,29,Caribbean,Euro,MARTINIQUE,EUR,978,,474,419,Latin America and the Caribbean,19,Americas,Martinique,Developing,,,FR,Fort-de-France,NA,.mq,3570311,O2,
MYT,ot,175,YT,MYT,161,MF,,MYT,MAY,,14,Eastern Africa,Euro,MAYOTTE,EUR,978,,175,202,Sub-Saharan Africa,2,Africa,Mayotte,Developing,,,FR,Mamoudzou,AF,.yt,1024031,2P,
NCL,nl,540,NC,NCL,178,NC,NC,NCL,NCD,F,,,CFP Franc,NEW CALEDONIA,XPF,953,,540,54,Melanesia,9,Oceania,New Caledonia,Developing,,x,FR,Noumea,OC,.nc,2139685,1W,
NFK,nx,574,NF,NFK,184,NF,NF,NFK,NFI,AUS,,,Australian Dollar,NORFOLK ISLAND,AUD,36,,574,53,Australia and New Zealand,9,Oceania,Norfolk Island,Developed,,,AU,Kingston,OC,.nf,2155115,Q7,
PCN,pc,612,PN,PCN,197,PC,PT,PTC,,,,,New Zealand Dollar,PITCAIRN,NZD,554,,612,61,Polynesia,9,Oceania,Pitcairn,Developing,,,GB,Adamstown,OC,.pn,4030699,R8,
PUR,pr,630,PR,PRI,200,RQ,PU,PTR,PUR,USA,29,Caribbean,US Dollar,PUERTO RICO,USD,840,,630,419,Latin America and the Caribbean,19,Americas,Puerto Rico,Developing,,x,USA,San Juan,NA,.pr,4566966,PR,
TAH,fp,258,PF,PYF,87,FP,PF,OCE,FPO,F,,,CFP Franc,FRENCH POLYNESIA,XPF,953,,258,61,Polynesia,9,Oceania,French Polynesia,Developing,,x,FR,Papeete,OC,.pf,4030656,I4,
REU,re,638,RE,REU,206,RE,RE,REU,REU,F,14,Eastern Africa,Euro,RÉUNION,EUR,978,,638,202,Sub-Saharan Africa,2,Africa,Réunion,Developing,,,FR,Saint-Denis,AF,.re,935317,,
,xs,239,GS,SGS,228,SX,,,,,5,South America,No universal currency,SOUTH GEORGIA AND THE SOUTH SANDWICH ISLANDS,,,,239,419,Latin America and the Caribbean,19,Americas,South Georgia and the South Sandwich Islands,Developing,,,GB,Grytviken,AN,.gs,3474415,1L,
SHN,xj,654,SH,SHN,207,SH,HE,SHN,HEL,SH,11,Western Africa,Saint Helena Pound,"SAINT HELENA, ASCENSION AND TRISTAN DA CUNHA",SHP,654,,654,202,Sub-Saharan Africa,2,Africa,Saint Helena,Developing,,,GB,Jamestown,AF,.sh,3370751,,
,,744,SJ,SJM,234,"SV,JN",SZ,NOR,,,,,Norwegian Krone,SVALBARD AND JAN MAYEN,NOK,578,,744,154,Northern Europe,150,Europe,Svalbard and Jan Mayen Islands,Developed,,,Norway,Longyearbyen,EU,.sj,607072,L9,
SPM,xl,666,PM,SPM,210,SB,FP,SPM,SPM,F,,,Euro,SAINT PIERRE AND MIQUELON,EUR,978,,666,21,Northern America,19,Americas,Saint Pierre and Miquelon,Developed,,,FR,Saint-Pierre,NA,.pm,3424932,V0,
SWZ,sq,748,SZ,SWZ,235,WZ,SV,SWZ,SWZ,SD,18,Southern Africa,Lilangeni,ESWATINI,SZL,748,,748,202,Sub-Saharan Africa,2,Africa,Eswatini,Developing,,,,Mbabane,AF,.sz,934841,,
,sn,534,SX,SXM,,NN,,,,,29,Caribbean,Netherlands Antillean Guilder,SINT MAARTEN (DUTCH PART),ANG,532,,534,419,Latin America and the Caribbean,19,Americas,Sint Maarten (Dutch part),Developing,,x,NL,Philipsburg,NA,.sx,7609695,,
TCA,tc,796,TC,TCA,251,TK,TI,TCA,TKS,,29,Caribbean,US Dollar,TURKS AND CAICOS ISLANDS,USD,840,,796,419,Latin America and the Caribbean,19,Americas,Turks and Caicos Islands,Developing,,,GB,Cockburn Town,NA,.tc,3576916,W7,
TKL,tl,772,TK,TKL,244,TL,TK,TKL,,NZ,,,New Zealand Dollar,TOKELAU,NZD,554,,772,61,Polynesia,9,Oceania,Tokelau,Developing,,,NZ,,OC,.tk,4031074,W3,
TPE,ch,158,TW,TWN,925,TW,,,TPE,RC,,,,,,,,,,,,,,,,,,Taipei,AS,.tw,1668284,,
,"ji,xf,wk,uc,up",581,UM,UMI,,"FQ,HQ,DQ,JQ,KQ,MQ,BQ,LQ,WQ",,,,USA,,,US Dollar,UNITED STATES MINOR OUTLYING ISLANDS,USD,840,,581,57,Micronesia,9,Oceania,United States Minor Outlying Islands,Developing,,,USA,,OC,.um,5854968,2J,
VGB,vb,92,VG,VGB,39,VI,VI,VRG,IVB,BVI,29,Caribbean,US Dollar,VIRGIN ISLANDS (BRITISH),USD,840,,92,419,Latin America and the Caribbean,19,Americas,British Virgin Islands,Developing,,x,GB,Road Town,NA,.vg,3577718,,
VIR,vi,850,VI,VIR,258,VQ,VI,VIR,ISV,USA,29,Caribbean,US Dollar,VIRGIN ISLANDS (U.S.),USD,840,,850,419,Latin America and the Caribbean,19,Americas,United States Virgin Islands,Developing,,x,USA,Charlotte Amalie,NA,.vi,4796775,,
WLF,wf,876,WF,WLF,266,WF,FW,WAL,WAF,F,,,CFP Franc,WALLIS AND FUTUNA,XPF,953,,876,61,Polynesia,9,Oceania,Wallis and Futuna Islands,Developing,,,FR,Mata Utu,OC,.wf,4034749,X8,
,,,,,,,,,,,830,Channel Islands,,,,,,680,154,Northern Europe,150,Europe,Sark,Developed,,,GB,,,,,,
